9,-25,uoGlojtTVxwB0HOshPmSdMkK+zs=,5SvvoDq6GR7h7L1+kL1G3crp7QI=
10,-25,uoGlojtTVxwB0HOshPmSdMkK+zs=,5SvvoDq6GR7h7L1+kL1G3crp7QI=
11,-25,uoGlojtTVxwB0HOshPmSdMkK+zs=,5SvvoDq6GR7h7L1+kL1G3crp7QI=
12,-32,uoGlojtTVxwB0HOshPmSdMkK+zs=,5SvvoDq6GR7h7L1+kL1G3crp7QI=
13,-32,uoGlojtTVxwB0HOshPmSdMkK+zs=,5SvvoDq6GR7h7L1+kL1G3crp7QI=
14,-32,uoGlojtTVxwB0HOshPmSdMkK+zs=,5SvvoDq6GR7h7L1+kL1G3crp7QI=
12,-25,uoGlojtTVxwB0HOshPmSdMkK+zs=,5SvvoDq6GR7h7L1+kL1G3crp7QI=
9,-31,uoGlojtTVxwB0HOshPmSdMkK+zs=,5SvvoDq6GR7h7L1+kL1G3crp7QI=
10,-31,uoGlojtTVxwB0HOshPmSdMkK+zs=,5SvvoDq6GR7h7L1+kL1G3crp7QI=
11,-31,uoGlojtTVxwB0HOshPmSdMkK+zs=,5SvvoDq6GR7h7L1+kL1G3crp7QI=
12,-31,uoGlojtTVxwB0HOshPmSdMkK+zs=,5SvvoDq6GR7h7L1+kL1G3crp7QI=
11,-32,uoGlojtTVxwB0HOshPmSdMkK+zs=,5SvvoDq6GR7h7L1+kL1G3crp7QI=
13,-31,uoGlojtTVxwB0HOshPmSdMkK+zs=,5SvvoDq6GR7h7L1+kL1G3crp7QI=
13,-25,uoGlojtTVxwB0HOshPmSdMkK+zs=,5SvvoDq6GR7h7L1+kL1G3crp7QI=
14,-31,uoGlojtTVxwB0HOshPmSdMkK+zs=,5SvvoDq6GR7h7L1+kL1G3crp7QI=
15,-31,uoGlojtTVxwB0HOshPmSdMkK+zs=,5SvvoDq6GR7h7L1+kL1G3crp7QI=
14,-25,uoGlojtTVxwB0HOshPmSdMkK+zs=,5SvvoDq6GR7h7L1+kL1G3crp7QI=
9,-30,uoGlojtTVxwB0HOshPmSdMkK+zs=,5SvvoDq6GR7h7L1+kL1G3crp7QI=
10,-30,uoGlojtTVxwB0HOshPmSdMkK+zs=,5SvvoDq6GR7h7L1+kL1G3crp7QI=
15,-25,uoGlojtTVxwB0HOshPmSdMkK+zs=,5SvvoDq6GR7h7L1+kL1G3crp7QI=
11,-30,uoGlojtTVxwB0HOshPmSdMkK+zs=,5SvvoDq6GR7h7L1+kL1G3crp7QI=
12,-30,uoGlojtTVxwB0HOshPmSdMkK+zs=,5SvvoDq6GR7h7L1+kL1G3crp7QI=
13,-30,uoGlojtTVxwB0HOshPmSdMkK+zs=,5SvvoDq6GR7h7L1+kL1G3crp7QI=
14,-30,uoGlojtTVxwB0HOshPmSdMkK+zs=,5SvvoDq6GR7h7L1+kL1G3crp7QI=
15,-30,uoGlojtTVxwB0HOshPmSdMkK+zs=,5SvvoDq6GR7h7L1+kL1G3crp7QI=
9,-29,uoGlojtTVxwB0HOshPmSdMkK+zs=,5SvvoDq6GR7h7L1+kL1G3crp7QI=
10,-29,uoGlojtTVxwB0HOshPmSdMkK+zs=,5SvvoDq6GR7h7L1+kL1G3crp7QI=
11,-29,uoGlojtTVxwB0HOshPmSdMkK+zs=,5SvvoDq6GR7h7L1+kL1G3crp7QI=
12,-29,uoGlojtTVxwB0HOshPmSdMkK+zs=,5SvvoDq6GR7h7L1+kL1G3crp7QI=
13,-29,uoGlojtTVxwB0HOshPmSdMkK+zs=,5SvvoDq6GR7h7L1+kL1G3crp7QI=
14,-29,uoGlojtTVxwB0HOshPmSdMkK+zs=,5SvvoDq6GR7h7L1+kL1G3crp7QI=
15,-29,uoGlojtTVxwB0HOshPmSdMkK+zs=,5SvvoDq6GR7h7L1+kL1G3crp7QI=
9,-28,uoGlojtTVxwB0HOshPmSdMkK+zs=,5SvvoDq6GR7h7L1+kL1G3crp7QI=
10,-28,uoGlojtTVxwB0HOshPmSdMkK+zs=,5SvvoDq6GR7h7L1+kL1G3crp7QI=
15,-26,uoGlojtTVxwB0HOshPmSdMkK+zs=,5SvvoDq6GR7h7L1+kL1G3crp7QI=
14,-26,uoGlojtTVxwB0HOshPmSdMkK+zs=,5SvvoDq6GR7h7L1+kL1G3crp7QI=
13,-26,uoGlojtTVxwB0HOshPmSdMkK+zs=,5SvvoDq6GR7h7L1+kL1G3crp7QI=
12,-26,uoGlojtTVxwB0HOshPmSdMkK+zs=,5SvvoDq6GR7h7L1+kL1G3crp7QI=
10,-32,uoGlojtTVxwB0HOshPmSdMkK+zs=,5SvvoDq6GR7h7L1+kL1G3crp7QI=
11,-26,uoGlojtTVxwB0HOshPmSdMkK+zs=,5SvvoDq6GR7h7L1+kL1G3crp7QI=
10,-26,uoGlojtTVxwB0HOshPmSdMkK+zs=,5SvvoDq6GR7h7L1+kL1G3crp7QI=
9,-26,uoGlojtTVxwB0HOshPmSdMkK+zs=,5SvvoDq6GR7h7L1+kL1G3crp7QI=
9,-32,uoGlojtTVxwB0HOshPmSdMkK+zs=,5SvvoDq6GR7h7L1+kL1G3crp7QI=
15,-27,uoGlojtTVxwB0HOshPmSdMkK+zs=,5SvvoDq6GR7h7L1+kL1G3crp7QI=
14,-27,uoGlojtTVxwB0HOshPmSdMkK+zs=,5SvvoDq6GR7h7L1+kL1G3crp7QI=
13,-27,uoGlojtTVxwB0HOshPmSdMkK+zs=,5SvvoDq6GR7h7L1+kL1G3crp7QI=
12,-27,uoGlojtTVxwB0HOshPmSdMkK+zs=,5SvvoDq6GR7h7L1+kL1G3crp7QI=
11,-27,uoGlojtTVxwB0HOshPmSdMkK+zs=,5SvvoDq6GR7h7L1+kL1G3crp7QI=
10,-27,uoGlojtTVxwB0HOshPmSdMkK+zs=,5SvvoDq6GR7h7L1+kL1G3crp7QI=
9,-27,uoGlojtTVxwB0HOshPmSdMkK+zs=,5SvvoDq6GR7h7L1+kL1G3crp7QI=
15,-28,uoGlojtTVxwB0HOshPmSdMkK+zs=,5SvvoDq6GR7h7L1+kL1G3crp7QI=
14,-28,uoGlojtTVxwB0HOshPmSdMkK+zs=,5SvvoDq6GR7h7L1+kL1G3crp7QI=
13,-28,uoGlojtTVxwB0HOshPmSdMkK+zs=,5SvvoDq6GR7h7L1+kL1G3crp7QI=
12,-28,uoGlojtTVxwB0HOshPmSdMkK+zs=,5SvvoDq6GR7h7L1+kL1G3crp7QI=
11,-28,uoGlojtTVxwB0HOshPmSdMkK+zs=,5SvvoDq6GR7h7L1+kL1G3crp7QI=
15,-32,uoGlojtTVxwB0HOshPmSdMkK+zs=,5SvvoDq6GR7h7L1+kL1G3crp7QI=
0,-32,uoGlojtTVxwB0HOshPmSdMkK+zs=,fQJJS8NE1R07MUg65S4FS+DmdzI=
4,-32,uoGlojtTVxwB0HOshPmSdMkK+zs=,fQJJS8NE1R07MUg65S4FS+DmdzI=
2,-32,uoGlojtTVxwB0HOshPmSdMkK+zs=,fQJJS8NE1R07MUg65S4FS+DmdzI=
0,-30,uoGlojtTVxwB0HOshPmSdMkK+zs=,fQJJS8NE1R07MUg65S4FS+DmdzI=
3,-31,uoGlojtTVxwB0HOshPmSdMkK+zs=,fQJJS8NE1R07MUg65S4FS+DmdzI=
2,-30,uoGlojtTVxwB0HOshPmSdMkK+zs=,fQJJS8NE1R07MUg65S4FS+DmdzI=
2,-29,uoGlojtTVxwB0HOshPmSdMkK+zs=,fQJJS8NE1R07MUg65S4FS+DmdzI=
6,-27,uoGlojtTVxwB0HOshPmSdMkK+zs=,fQJJS8NE1R07MUg65S4FS+DmdzI=
8,-32,uoGlojtTVxwB0HOshPmSdMkK+zs=,5SvvoDq6GR7h7L1+kL1G3crp7QI=
2,-31,uoGlojtTVxwB0HOshPmSdMkK+zs=,fQJJS8NE1R07MUg65S4FS+DmdzI=
1,-30,uoGlojtTVxwB0HOshPmSdMkK+zs=,fQJJS8NE1R07MUg65S4FS+DmdzI=
8,-27,uoGlojtTVxwB0HOshPmSdMkK+zs=,5SvvoDq6GR7h7L1+kL1G3crp7QI=
2,-28,uoGlojtTVxwB0HOshPmSdMkK+zs=,fQJJS8NE1R07MUg65S4FS+DmdzI=
1,-29,uoGlojtTVxwB0HOshPmSdMkK+zs=,fQJJS8NE1R07MUg65S4FS+DmdzI=
1,-28,uoGlojtTVxwB0HOshPmSdMkK+zs=,fQJJS8NE1R07MUg65S4FS+DmdzI=
0,-29,uoGlojtTVxwB0HOshPmSdMkK+zs=,fQJJS8NE1R07MUg65S4FS+DmdzI=
2,-27,uoGlojtTVxwB0HOshPmSdMkK+zs=,fQJJS8NE1R07MUg65S4FS+DmdzI=
2,-26,uoGlojtTVxwB0HOshPmSdMkK+zs=,fQJJS8NE1R07MUg65S4FS+DmdzI=
8,-28,uoGlojtTVxwB0HOshPmSdMkK+zs=,5SvvoDq6GR7h7L1+kL1G3crp7QI=
0,-28,uoGlojtTVxwB0HOshPmSdMkK+zs=,fQJJS8NE1R07MUg65S4FS+DmdzI=
1,-27,uoGlojtTVxwB0HOshPmSdMkK+zs=,fQJJS8NE1R07MUg65S4FS+DmdzI=
3,-32,uoGlojtTVxwB0HOshPmSdMkK+zs=,fQJJS8NE1R07MUg65S4FS+DmdzI=
0,-27,uoGlojtTVxwB0HOshPmSdMkK+zs=,fQJJS8NE1R07MUg65S4FS+DmdzI=
7,-28,uoGlojtTVxwB0HOshPmSdMkK+zs=,fQJJS8NE1R07MUg65S4FS+DmdzI=
7,-31,uoGlojtTVxwB0HOshPmSdMkK+zs=,fQJJS8NE1R07MUg65S4FS+DmdzI=
5,-32,uoGlojtTVxwB0HOshPmSdMkK+zs=,fQJJS8NE1R07MUg65S4FS+DmdzI=
8,-29,uoGlojtTVxwB0HOshPmSdMkK+zs=,5SvvoDq6GR7h7L1+kL1G3crp7QI=
4,-31,uoGlojtTVxwB0HOshPmSdMkK+zs=,fQJJS8NE1R07MUg65S4FS+DmdzI=
1,-32,uoGlojtTVxwB0HOshPmSdMkK+zs=,fQJJS8NE1R07MUg65S4FS+DmdzI=
3,-30,uoGlojtTVxwB0HOshPmSdMkK+zs=,fQJJS8NE1R07MUg65S4FS+DmdzI=
6,-32,uoGlojtTVxwB0HOshPmSdMkK+zs=,fQJJS8NE1R07MUg65S4FS+DmdzI=
7,-32,uoGlojtTVxwB0HOshPmSdMkK+zs=,fQJJS8NE1R07MUg65S4FS+DmdzI=
0,-31,uoGlojtTVxwB0HOshPmSdMkK+zs=,fQJJS8NE1R07MUg65S4FS+DmdzI=
1,-31,uoGlojtTVxwB0HOshPmSdMkK+zs=,fQJJS8NE1R07MUg65S4FS+DmdzI=
8,-31,uoGlojtTVxwB0HOshPmSdMkK+zs=,5SvvoDq6GR7h7L1+kL1G3crp7QI=
0,-26,uoGlojtTVxwB0HOshPmSdMkK+zs=,fQJJS8NE1R07MUg65S4FS+DmdzI=
6,-28,uoGlojtTVxwB0HOshPmSdMkK+zs=,fQJJS8NE1R07MUg65S4FS+DmdzI=
8,-30,uoGlojtTVxwB0HOshPmSdMkK+zs=,5SvvoDq6GR7h7L1+kL1G3crp7QI=
1,-26,uoGlojtTVxwB0HOshPmSdMkK+zs=,fQJJS8NE1R07MUg65S4FS+DmdzI=
6,-31,uoGlojtTVxwB0HOshPmSdMkK+zs=,fQJJS8NE1R07MUg65S4FS+DmdzI=
5,-31,uoGlojtTVxwB0HOshPmSdMkK+zs=,fQJJS8NE1R07MUg65S4FS+DmdzI=
3,-29,uoGlojtTVxwB0HOshPmSdMkK+zs=,fQJJS8NE1R07MUg65S4FS+DmdzI=
7,-30,uoGlojtTVxwB0HOshPmSdMkK+zs=,fQJJS8NE1R07MUg65S4FS+DmdzI=
6,-29,uoGlojtTVxwB0HOshPmSdMkK+zs=,fQJJS8NE1R07MUg65S4FS+DmdzI=
4,-29,uoGlojtTVxwB0HOshPmSdMkK+zs=,fQJJS8NE1R07MUg65S4FS+DmdzI=
7,-29,uoGlojtTVxwB0HOshPmSdMkK+zs=,fQJJS8NE1R07MUg65S4FS+DmdzI=
4,-30,uoGlojtTVxwB0HOshPmSdMkK+zs=,fQJJS8NE1R07MUg65S4FS+DmdzI=
6,-30,uoGlojtTVxwB0HOshPmSdMkK+zs=,fQJJS8NE1R07MUg65S4FS+DmdzI=
5,-29,uoGlojtTVxwB0HOshPmSdMkK+zs=,fQJJS8NE1R07MUg65S4FS+DmdzI=
5,-30,uoGlojtTVxwB0HOshPmSdMkK+zs=,fQJJS8NE1R07MUg65S4FS+DmdzI=
0,-22,uoGlojtTVxwB0HOshPmSdMkK+zs=,9eYXeKT3gtrziycmzJ/SGRxTAio=
4,-25,uoGlojtTVxwB0HOshPmSdMkK+zs=,fQJJS8NE1R07MUg65S4FS+DmdzI=
1,-22,uoGlojtTVxwB0HOshPmSdMkK+zs=,9eYXeKT3gtrziycmzJ/SGRxTAio=
7,-25,uoGlojtTVxwB0HOshPmSdMkK+zs=,fQJJS8NE1R07MUg65S4FS+DmdzI=
8,-25,uoGlojtTVxwB0HOshPmSdMkK+zs=,5SvvoDq6GR7h7L1+kL1G3crp7QI=
7,-17,uoGlojtTVxwB0HOshPmSdMkK+zs=,9eYXeKT3gtrziycmzJ/SGRxTAio=
0,-24,uoGlojtTVxwB0HOshPmSdMkK+zs=,9eYXeKT3gtrziycmzJ/SGRxTAio=
3,-25,uoGlojtTVxwB0HOshPmSdMkK+zs=,fQJJS8NE1R07MUg65S4FS+DmdzI=
2,-22,uoGlojtTVxwB0HOshPmSdMkK+zs=,9eYXeKT3gtrziycmzJ/SGRxTAio=
5,-23,uoGlojtTVxwB0HOshPmSdMkK+zs=,9eYXeKT3gtrziycmzJ/SGRxTAio=
6,-26,uoGlojtTVxwB0HOshPmSdMkK+zs=,fQJJS8NE1R07MUg65S4FS+DmdzI=
6,-23,uoGlojtTVxwB0HOshPmSdMkK+zs=,9eYXeKT3gtrziycmzJ/SGRxTAio=
5,-25,uoGlojtTVxwB0HOshPmSdMkK+zs=,fQJJS8NE1R07MUg65S4FS+DmdzI=
4,-23,uoGlojtTVxwB0HOshPmSdMkK+zs=,9eYXeKT3gtrziycmzJ/SGRxTAio=
8,-26,uoGlojtTVxwB0HOshPmSdMkK+zs=,5SvvoDq6GR7h7L1+kL1G3crp7QI=
3,-22,uoGlojtTVxwB0HOshPmSdMkK+zs=,9eYXeKT3gtrziycmzJ/SGRxTAio=
1,-24,uoGlojtTVxwB0HOshPmSdMkK+zs=,9eYXeKT3gtrziycmzJ/SGRxTAio=
2,-24,uoGlojtTVxwB0HOshPmSdMkK+zs=,9eYXeKT3gtrziycmzJ/SGRxTAio=
6,-17,uoGlojtTVxwB0HOshPmSdMkK+zs=,9eYXeKT3gtrziycmzJ/SGRxTAio=
5,-17,uoGlojtTVxwB0HOshPmSdMkK+zs=,9eYXeKT3gtrziycmzJ/SGRxTAio=
3,-17,uoGlojtTVxwB0HOshPmSdMkK+zs=,9eYXeKT3gtrziycmzJ/SGRxTAio=
4,-17,uoGlojtTVxwB0HOshPmSdMkK+zs=,9eYXeKT3gtrziycmzJ/SGRxTAio=
7,-23,uoGlojtTVxwB0HOshPmSdMkK+zs=,9eYXeKT3gtrziycmzJ/SGRxTAio=
3,-24,uoGlojtTVxwB0HOshPmSdMkK+zs=,9eYXeKT3gtrziycmzJ/SGRxTAio=
6,-25,uoGlojtTVxwB0HOshPmSdMkK+zs=,fQJJS8NE1R07MUg65S4FS+DmdzI=
7,-18,uoGlojtTVxwB0HOshPmSdMkK+zs=,9eYXeKT3gtrziycmzJ/SGRxTAio=
6,-18,uoGlojtTVxwB0HOshPmSdMkK+zs=,9eYXeKT3gtrziycmzJ/SGRxTAio=
1,-17,uoGlojtTVxwB0HOshPmSdMkK+zs=,9eYXeKT3gtrziycmzJ/SGRxTAio=
2,-25,uoGlojtTVxwB0HOshPmSdMkK+zs=,fQJJS8NE1R07MUg65S4FS+DmdzI=
7,-27,uoGlojtTVxwB0HOshPmSdMkK+zs=,fQJJS8NE1R07MUg65S4FS+DmdzI=
1,-25,uoGlojtTVxwB0HOshPmSdMkK+zs=,fQJJS8NE1R07MUg65S4FS+DmdzI=
3,-23,uoGlojtTVxwB0HOshPmSdMkK+zs=,9eYXeKT3gtrziycmzJ/SGRxTAio=
0,-25,uoGlojtTVxwB0HOshPmSdMkK+zs=,fQJJS8NE1R07MUg65S4FS+DmdzI=
4,-18,uoGlojtTVxwB0HOshPmSdMkK+zs=,9eYXeKT3gtrziycmzJ/SGRxTAio=
2,-17,uoGlojtTVxwB0HOshPmSdMkK+zs=,9eYXeKT3gtrziycmzJ/SGRxTAio=
4,-28,uoGlojtTVxwB0HOshPmSdMkK+zs=,fQJJS8NE1R07MUg65S4FS+DmdzI=
1,-23,yrcZ/tWeQ1s1rUyr/GGwY8PRJw4=,9eYXeKT3gtrziycmzJ/SGRxTAio=
2,-23,yrcZ/tWeQ1s1rUyr/GGwY8PRJw4=,9eYXeKT3gtrziycmzJ/SGRxTAio=
0,-23,yrcZ/tWeQ1s1rUyr/GGwY8PRJw4=,9eYXeKT3gtrziycmzJ/SGRxTAio=
0,-17,yrcZ/tWeQ1s1rUyr/GGwY8PRJw4=,9eYXeKT3gtrziycmzJ/SGRxTAio=
1,-18,yrcZ/tWeQ1s1rUyr/GGwY8PRJw4=,9eYXeKT3gtrziycmzJ/SGRxTAio=
3,-18,yrcZ/tWeQ1s1rUyr/GGwY8PRJw4=,9eYXeKT3gtrziycmzJ/SGRxTAio=
5,-18,yrcZ/tWeQ1s1rUyr/GGwY8PRJw4=,9eYXeKT3gtrziycmzJ/SGRxTAio=
0,-18,yrcZ/tWeQ1s1rUyr/GGwY8PRJw4=,9eYXeKT3gtrziycmzJ/SGRxTAio=
7,-19,yrcZ/tWeQ1s1rUyr/GGwY8PRJw4=,9eYXeKT3gtrziycmzJ/SGRxTAio=
6,-19,yrcZ/tWeQ1s1rUyr/GGwY8PRJw4=,9eYXeKT3gtrziycmzJ/SGRxTAio=
2,-18,yrcZ/tWeQ1s1rUyr/GGwY8PRJw4=,9eYXeKT3gtrziycmzJ/SGRxTAio=
3,-27,yrcZ/tWeQ1s1rUyr/GGwY8PRJw4=,fQJJS8NE1R07MUg65S4FS+DmdzI=
5,-19,yrcZ/tWeQ1s1rUyr/GGwY8PRJw4=,9eYXeKT3gtrziycmzJ/SGRxTAio=
4,-24,yrcZ/tWeQ1s1rUyr/GGwY8PRJw4=,9eYXeKT3gtrziycmzJ/SGRxTAio=
1,-19,yrcZ/tWeQ1s1rUyr/GGwY8PRJw4=,9eYXeKT3gtrziycmzJ/SGRxTAio=
3,-19,yrcZ/tWeQ1s1rUyr/GGwY8PRJw4=,9eYXeKT3gtrziycmzJ/SGRxTAio=
3,-26,yrcZ/tWeQ1s1rUyr/GGwY8PRJw4=,fQJJS8NE1R07MUg65S4FS+DmdzI=
2,-19,yrcZ/tWeQ1s1rUyr/GGwY8PRJw4=,9eYXeKT3gtrziycmzJ/SGRxTAio=
4,-19,yrcZ/tWeQ1s1rUyr/GGwY8PRJw4=,9eYXeKT3gtrziycmzJ/SGRxTAio=
7,-24,yrcZ/tWeQ1s1rUyr/GGwY8PRJw4=,9eYXeKT3gtrziycmzJ/SGRxTAio=
5,-28,yrcZ/tWeQ1s1rUyr/GGwY8PRJw4=,fQJJS8NE1R07MUg65S4FS+DmdzI=
4,-27,yrcZ/tWeQ1s1rUyr/GGwY8PRJw4=,fQJJS8NE1R07MUg65S4FS+DmdzI=
6,-24,yrcZ/tWeQ1s1rUyr/GGwY8PRJw4=,9eYXeKT3gtrziycmzJ/SGRxTAio=
5,-22,yrcZ/tWeQ1s1rUyr/GGwY8PRJw4=,9eYXeKT3gtrziycmzJ/SGRxTAio=
4,-22,yrcZ/tWeQ1s1rUyr/GGwY8PRJw4=,9eYXeKT3gtrziycmzJ/SGRxTAio=
0,-21,yrcZ/tWeQ1s1rUyr/GGwY8PRJw4=,9eYXeKT3gtrziycmzJ/SGRxTAio=
3,-28,yrcZ/tWeQ1s1rUyr/GGwY8PRJw4=,fQJJS8NE1R07MUg65S4FS+DmdzI=
5,-24,yrcZ/tWeQ1s1rUyr/GGwY8PRJw4=,9eYXeKT3gtrziycmzJ/SGRxTAio=
1,-21,yrcZ/tWeQ1s1rUyr/GGwY8PRJw4=,9eYXeKT3gtrziycmzJ/SGRxTAio=
6,-22,yrcZ/tWeQ1s1rUyr/GGwY8PRJw4=,9eYXeKT3gtrziycmzJ/SGRxTAio=
4,-26,yrcZ/tWeQ1s1rUyr/GGwY8PRJw4=,fQJJS8NE1R07MUg65S4FS+DmdzI=
4,-21,yrcZ/tWeQ1s1rUyr/GGwY8PRJw4=,9eYXeKT3gtrziycmzJ/SGRxTAio=
3,-21,yrcZ/tWeQ1s1rUyr/GGwY8PRJw4=,9eYXeKT3gtrziycmzJ/SGRxTAio=
7,-22,yrcZ/tWeQ1s1rUyr/GGwY8PRJw4=,9eYXeKT3gtrziycmzJ/SGRxTAio=
7,-21,yrcZ/tWeQ1s1rUyr/GGwY8PRJw4=,9eYXeKT3gtrziycmzJ/SGRxTAio=
0,-20,yrcZ/tWeQ1s1rUyr/GGwY8PRJw4=,9eYXeKT3gtrziycmzJ/SGRxTAio=
2,-21,yrcZ/tWeQ1s1rUyr/GGwY8PRJw4=,9eYXeKT3gtrziycmzJ/SGRxTAio=
6,-21,yrcZ/tWeQ1s1rUyr/GGwY8PRJw4=,9eYXeKT3gtrziycmzJ/SGRxTAio=
6,-20,yrcZ/tWeQ1s1rUyr/GGwY8PRJw4=,9eYXeKT3gtrziycmzJ/SGRxTAio=
7,-20,yrcZ/tWeQ1s1rUyr/GGwY8PRJw4=,9eYXeKT3gtrziycmzJ/SGRxTAio=
0,-19,yrcZ/tWeQ1s1rUyr/GGwY8PRJw4=,9eYXeKT3gtrziycmzJ/SGRxTAio=
3,-20,yrcZ/tWeQ1s1rUyr/GGwY8PRJw4=,9eYXeKT3gtrziycmzJ/SGRxTAio=
5,-21,yrcZ/tWeQ1s1rUyr/GGwY8PRJw4=,9eYXeKT3gtrziycmzJ/SGRxTAio=
1,-20,yrcZ/tWeQ1s1rUyr/GGwY8PRJw4=,9eYXeKT3gtrziycmzJ/SGRxTAio=
5,-26,yrcZ/tWeQ1s1rUyr/GGwY8PRJw4=,fQJJS8NE1R07MUg65S4FS+DmdzI=
2,-20,yrcZ/tWeQ1s1rUyr/GGwY8PRJw4=,9eYXeKT3gtrziycmzJ/SGRxTAio=
4,-20,yrcZ/tWeQ1s1rUyr/GGwY8PRJw4=,9eYXeKT3gtrziycmzJ/SGRxTAio=
7,-26,yrcZ/tWeQ1s1rUyr/GGwY8PRJw4=,fQJJS8NE1R07MUg65S4FS+DmdzI=
5,-27,yrcZ/tWeQ1s1rUyr/GGwY8PRJw4=,fQJJS8NE1R07MUg65S4FS+DmdzI=
5,-20,yrcZ/tWeQ1s1rUyr/GGwY8PRJw4=,9eYXeKT3gtrziycmzJ/SGRxTAio=
14,-3,yrcZ/tWeQ1s1rUyr/GGwY8PRJw4=,5zlWl+dQ6Ygel7BjmD8xsYtTQJM=
9,-8,yrcZ/tWeQ1s1rUyr/GGwY8PRJw4=,5zlWl+dQ6Ygel7BjmD8xsYtTQJM=
13,-3,yrcZ/tWeQ1s1rUyr/GGwY8PRJw4=,5zlWl+dQ6Ygel7BjmD8xsYtTQJM=
12,-3,yrcZ/tWeQ1s1rUyr/GGwY8PRJw4=,5zlWl+dQ6Ygel7BjmD8xsYtTQJM=
11,-3,yrcZ/tWeQ1s1rUyr/GGwY8PRJw4=,5zlWl+dQ6Ygel7BjmD8xsYtTQJM=
10,-3,yrcZ/tWeQ1s1rUyr/GGwY8PRJw4=,5zlWl+dQ6Ygel7BjmD8xsYtTQJM=
9,-3,yrcZ/tWeQ1s1rUyr/GGwY8PRJw4=,5zlWl+dQ6Ygel7BjmD8xsYtTQJM=
14,-4,yrcZ/tWeQ1s1rUyr/GGwY8PRJw4=,5zlWl+dQ6Ygel7BjmD8xsYtTQJM=
13,-4,yrcZ/tWeQ1s1rUyr/GGwY8PRJw4=,5zlWl+dQ6Ygel7BjmD8xsYtTQJM=
12,-4,yrcZ/tWeQ1s1rUyr/GGwY8PRJw4=,5zlWl+dQ6Ygel7BjmD8xsYtTQJM=
11,-4,yrcZ/tWeQ1s1rUyr/GGwY8PRJw4=,5zlWl+dQ6Ygel7BjmD8xsYtTQJM=
10,-4,yrcZ/tWeQ1s1rUyr/GGwY8PRJw4=,5zlWl+dQ6Ygel7BjmD8xsYtTQJM=
9,-4,yrcZ/tWeQ1s1rUyr/GGwY8PRJw4=,5zlWl+dQ6Ygel7BjmD8xsYtTQJM=
14,-5,yrcZ/tWeQ1s1rUyr/GGwY8PRJw4=,5zlWl+dQ6Ygel7BjmD8xsYtTQJM=
13,-5,yrcZ/tWeQ1s1rUyr/GGwY8PRJw4=,5zlWl+dQ6Ygel7BjmD8xsYtTQJM=
12,-5,yrcZ/tWeQ1s1rUyr/GGwY8PRJw4=,5zlWl+dQ6Ygel7BjmD8xsYtTQJM=
11,-5,yrcZ/tWeQ1s1rUyr/GGwY8PRJw4=,5zlWl+dQ6Ygel7BjmD8xsYtTQJM=
10,-5,yrcZ/tWeQ1s1rUyr/GGwY8PRJw4=,5zlWl+dQ6Ygel7BjmD8xsYtTQJM=
9,-5,yrcZ/tWeQ1s1rUyr/GGwY8PRJw4=,5zlWl+dQ6Ygel7BjmD8xsYtTQJM=
14,-6,yrcZ/tWeQ1s1rUyr/GGwY8PRJw4=,5zlWl+dQ6Ygel7BjmD8xsYtTQJM=
13,-6,yrcZ/tWeQ1s1rUyr/GGwY8PRJw4=,5zlWl+dQ6Ygel7BjmD8xsYtTQJM=
12,-6,yrcZ/tWeQ1s1rUyr/GGwY8PRJw4=,5zlWl+dQ6Ygel7BjmD8xsYtTQJM=
11,-6,yrcZ/tWeQ1s1rUyr/GGwY8PRJw4=,5zlWl+dQ6Ygel7BjmD8xsYtTQJM=
10,-6,yrcZ/tWeQ1s1rUyr/GGwY8PRJw4=,5zlWl+dQ6Ygel7BjmD8xsYtTQJM=
9,-6,yrcZ/tWeQ1s1rUyr/GGwY8PRJw4=,5zlWl+dQ6Ygel7BjmD8xsYtTQJM=
14,-7,yrcZ/tWeQ1s1rUyr/GGwY8PRJw4=,5zlWl+dQ6Ygel7BjmD8xsYtTQJM=
13,-7,yrcZ/tWeQ1s1rUyr/GGwY8PRJw4=,5zlWl+dQ6Ygel7BjmD8xsYtTQJM=
12,-7,yrcZ/tWeQ1s1rUyr/GGwY8PRJw4=,5zlWl+dQ6Ygel7BjmD8xsYtTQJM=
11,-7,yrcZ/tWeQ1s1rUyr/GGwY8PRJw4=,5zlWl+dQ6Ygel7BjmD8xsYtTQJM=
14,-1,yrcZ/tWeQ1s1rUyr/GGwY8PRJw4=,5zlWl+dQ6Ygel7BjmD8xsYtTQJM=
13,-1,yrcZ/tWeQ1s1rUyr/GGwY8PRJw4=,5zlWl+dQ6Ygel7BjmD8xsYtTQJM=
12,-1,yrcZ/tWeQ1s1rUyr/GGwY8PRJw4=,5zlWl+dQ6Ygel7BjmD8xsYtTQJM=
11,-1,yrcZ/tWeQ1s1rUyr/GGwY8PRJw4=,5zlWl+dQ6Ygel7BjmD8xsYtTQJM=
10,-1,yrcZ/tWeQ1s1rUyr/GGwY8PRJw4=,5zlWl+dQ6Ygel7BjmD8xsYtTQJM=
14,-2,yrcZ/tWeQ1s1rUyr/GGwY8PRJw4=,5zlWl+dQ6Ygel7BjmD8xsYtTQJM=
13,-2,yrcZ/tWeQ1s1rUyr/GGwY8PRJw4=,5zlWl+dQ6Ygel7BjmD8xsYtTQJM=
12,-2,yrcZ/tWeQ1s1rUyr/GGwY8PRJw4=,5zlWl+dQ6Ygel7BjmD8xsYtTQJM=
11,-2,yrcZ/tWeQ1s1rUyr/GGwY8PRJw4=,5zlWl+dQ6Ygel7BjmD8xsYtTQJM=
10,-2,yrcZ/tWeQ1s1rUyr/GGwY8PRJw4=,5zlWl+dQ6Ygel7BjmD8xsYtTQJM=
9,-2,yrcZ/tWeQ1s1rUyr/GGwY8PRJw4=,5zlWl+dQ6Ygel7BjmD8xsYtTQJM=
10,-7,yrcZ/tWeQ1s1rUyr/GGwY8PRJw4=,5zlWl+dQ6Ygel7BjmD8xsYtTQJM=
9,-7,yrcZ/tWeQ1s1rUyr/GGwY8PRJw4=,5zlWl+dQ6Ygel7BjmD8xsYtTQJM=
14,-8,yrcZ/tWeQ1s1rUyr/GGwY8PRJw4=,5zlWl+dQ6Ygel7BjmD8xsYtTQJM=
13,-8,yrcZ/tWeQ1s1rUyr/GGwY8PRJw4=,5zlWl+dQ6Ygel7BjmD8xsYtTQJM=
12,-8,yrcZ/tWeQ1s1rUyr/GGwY8PRJw4=,5zlWl+dQ6Ygel7BjmD8xsYtTQJM=
11,-8,yrcZ/tWeQ1s1rUyr/GGwY8PRJw4=,5zlWl+dQ6Ygel7BjmD8xsYtTQJM=
10,-8,yrcZ/tWeQ1s1rUyr/GGwY8PRJw4=,5zlWl+dQ6Ygel7BjmD8xsYtTQJM=
4,-12,26pNxr7UBLPNvSHnWqUwx045tbM=,9guEfgRZMQVKSae7P6MxQzPKlTY=
7,-14,26pNxr7UBLPNvSHnWqUwx045tbM=,9guEfgRZMQVKSae7P6MxQzPKlTY=
6,-14,26pNxr7UBLPNvSHnWqUwx045tbM=,9guEfgRZMQVKSae7P6MxQzPKlTY=
7,-15,26pNxr7UBLPNvSHnWqUwx045tbM=,9guEfgRZMQVKSae7P6MxQzPKlTY=
6,-15,26pNxr7UBLPNvSHnWqUwx045tbM=,9guEfgRZMQVKSae7P6MxQzPKlTY=
5,-14,26pNxr7UBLPNvSHnWqUwx045tbM=,9guEfgRZMQVKSae7P6MxQzPKlTY=
5,-15,26pNxr7UBLPNvSHnWqUwx045tbM=,9guEfgRZMQVKSae7P6MxQzPKlTY=
7,-13,26pNxr7UBLPNvSHnWqUwx045tbM=,9guEfgRZMQVKSae7P6MxQzPKlTY=
6,-13,26pNxr7UBLPNvSHnWqUwx045tbM=,9guEfgRZMQVKSae7P6MxQzPKlTY=
5,-13,26pNxr7UBLPNvSHnWqUwx045tbM=,9guEfgRZMQVKSae7P6MxQzPKlTY=
4,-13,26pNxr7UBLPNvSHnWqUwx045tbM=,9guEfgRZMQVKSae7P6MxQzPKlTY=
7,-11,26pNxr7UBLPNvSHnWqUwx045tbM=,9guEfgRZMQVKSae7P6MxQzPKlTY=
6,-11,26pNxr7UBLPNvSHnWqUwx045tbM=,9guEfgRZMQVKSae7P6MxQzPKlTY=
7,-12,26pNxr7UBLPNvSHnWqUwx045tbM=,9guEfgRZMQVKSae7P6MxQzPKlTY=
7,-10,26pNxr7UBLPNvSHnWqUwx045tbM=,9guEfgRZMQVKSae7P6MxQzPKlTY=
6,-12,26pNxr7UBLPNvSHnWqUwx045tbM=,9guEfgRZMQVKSae7P6MxQzPKlTY=
5,-12,26pNxr7UBLPNvSHnWqUwx045tbM=,9guEfgRZMQVKSae7P6MxQzPKlTY=
15,-3,26pNxr7UBLPNvSHnWqUwx045tbM=,5zlWl+dQ6Ygel7BjmD8xsYtTQJM=
15,-8,26pNxr7UBLPNvSHnWqUwx045tbM=,5zlWl+dQ6Ygel7BjmD8xsYtTQJM=
15,-2,26pNxr7UBLPNvSHnWqUwx045tbM=,5zlWl+dQ6Ygel7BjmD8xsYtTQJM=
15,-1,26pNxr7UBLPNvSHnWqUwx045tbM=,5zlWl+dQ6Ygel7BjmD8xsYtTQJM=
15,-7,26pNxr7UBLPNvSHnWqUwx045tbM=,5zlWl+dQ6Ygel7BjmD8xsYtTQJM=
15,-6,26pNxr7UBLPNvSHnWqUwx045tbM=,5zlWl+dQ6Ygel7BjmD8xsYtTQJM=
15,-5,26pNxr7UBLPNvSHnWqUwx045tbM=,5zlWl+dQ6Ygel7BjmD8xsYtTQJM=
15,-4,26pNxr7UBLPNvSHnWqUwx045tbM=,5zlWl+dQ6Ygel7BjmD8xsYtTQJM=
6,-16,26pNxr7UBLPNvSHnWqUwx045tbM=,9guEfgRZMQVKSae7P6MxQzPKlTY=
7,-16,26pNxr7UBLPNvSHnWqUwx045tbM=,9guEfgRZMQVKSae7P6MxQzPKlTY=
5,-16,26pNxr7UBLPNvSHnWqUwx045tbM=,9guEfgRZMQVKSae7P6MxQzPKlTY=
4,-16,26pNxr7UBLPNvSHnWqUwx045tbM=,9guEfgRZMQVKSae7P6MxQzPKlTY=
3,-16,26pNxr7UBLPNvSHnWqUwx045tbM=,9guEfgRZMQVKSae7P6MxQzPKlTY=
0,-13,26pNxr7UBLPNvSHnWqUwx045tbM=,9guEfgRZMQVKSae7P6MxQzPKlTY=
0,-16,26pNxr7UBLPNvSHnWqUwx045tbM=,9guEfgRZMQVKSae7P6MxQzPKlTY=
1,-16,26pNxr7UBLPNvSHnWqUwx045tbM=,9guEfgRZMQVKSae7P6MxQzPKlTY=
4,-15,26pNxr7UBLPNvSHnWqUwx045tbM=,9guEfgRZMQVKSae7P6MxQzPKlTY=
1,-13,26pNxr7UBLPNvSHnWqUwx045tbM=,9guEfgRZMQVKSae7P6MxQzPKlTY=
2,-16,26pNxr7UBLPNvSHnWqUwx045tbM=,9guEfgRZMQVKSae7P6MxQzPKlTY=
1,-15,26pNxr7UBLPNvSHnWqUwx045tbM=,9guEfgRZMQVKSae7P6MxQzPKlTY=
3,-15,abCUZy4dZoSKykuPkd7d93ZKoJQ=,9guEfgRZMQVKSae7P6MxQzPKlTY=
7,-9,abCUZy4dZoSKykuPkd7d93ZKoJQ=,9guEfgRZMQVKSae7P6MxQzPKlTY=
2,-15,abCUZy4dZoSKykuPkd7d93ZKoJQ=,9guEfgRZMQVKSae7P6MxQzPKlTY=
4,-14,abCUZy4dZoSKykuPkd7d93ZKoJQ=,9guEfgRZMQVKSae7P6MxQzPKlTY=
8,-3,abCUZy4dZoSKykuPkd7d93ZKoJQ=,5zlWl+dQ6Ygel7BjmD8xsYtTQJM=
7,-3,abCUZy4dZoSKykuPkd7d93ZKoJQ=,mheinyiS53xh2XJdKKBcSZESrCc=
8,-4,abCUZy4dZoSKykuPkd7d93ZKoJQ=,5zlWl+dQ6Ygel7BjmD8xsYtTQJM=
7,-4,abCUZy4dZoSKykuPkd7d93ZKoJQ=,mheinyiS53xh2XJdKKBcSZESrCc=
7,-5,abCUZy4dZoSKykuPkd7d93ZKoJQ=,mheinyiS53xh2XJdKKBcSZESrCc=
6,-5,abCUZy4dZoSKykuPkd7d93ZKoJQ=,mheinyiS53xh2XJdKKBcSZESrCc=
5,-5,abCUZy4dZoSKykuPkd7d93ZKoJQ=,mheinyiS53xh2XJdKKBcSZESrCc=
4,-5,abCUZy4dZoSKykuPkd7d93ZKoJQ=,mheinyiS53xh2XJdKKBcSZESrCc=
8,-5,abCUZy4dZoSKykuPkd7d93ZKoJQ=,5zlWl+dQ6Ygel7BjmD8xsYtTQJM=
0,-14,abCUZy4dZoSKykuPkd7d93ZKoJQ=,9guEfgRZMQVKSae7P6MxQzPKlTY=
0,-15,abCUZy4dZoSKykuPkd7d93ZKoJQ=,9guEfgRZMQVKSae7P6MxQzPKlTY=
2,-5,abCUZy4dZoSKykuPkd7d93ZKoJQ=,mheinyiS53xh2XJdKKBcSZESrCc=
2,-13,abCUZy4dZoSKykuPkd7d93ZKoJQ=,9guEfgRZMQVKSae7P6MxQzPKlTY=
8,-6,abCUZy4dZoSKykuPkd7d93ZKoJQ=,5zlWl+dQ6Ygel7BjmD8xsYtTQJM=
1,-5,abCUZy4dZoSKykuPkd7d93ZKoJQ=,mheinyiS53xh2XJdKKBcSZESrCc=
7,-6,abCUZy4dZoSKykuPkd7d93ZKoJQ=,mheinyiS53xh2XJdKKBcSZESrCc=
6,-6,abCUZy4dZoSKykuPkd7d93ZKoJQ=,mheinyiS53xh2XJdKKBcSZESrCc=
5,-6,abCUZy4dZoSKykuPkd7d93ZKoJQ=,mheinyiS53xh2XJdKKBcSZESrCc=
4,-6,abCUZy4dZoSKykuPkd7d93ZKoJQ=,mheinyiS53xh2XJdKKBcSZESrCc=
3,-13,abCUZy4dZoSKykuPkd7d93ZKoJQ=,9guEfgRZMQVKSae7P6MxQzPKlTY=
9,-1,abCUZy4dZoSKykuPkd7d93ZKoJQ=,5zlWl+dQ6Ygel7BjmD8xsYtTQJM=
3,-12,abCUZy4dZoSKykuPkd7d93ZKoJQ=,9guEfgRZMQVKSae7P6MxQzPKlTY=
7,-7,abCUZy4dZoSKykuPkd7d93ZKoJQ=,mheinyiS53xh2XJdKKBcSZESrCc=
6,-7,abCUZy4dZoSKykuPkd7d93ZKoJQ=,mheinyiS53xh2XJdKKBcSZESrCc=
3,-5,abCUZy4dZoSKykuPkd7d93ZKoJQ=,mheinyiS53xh2XJdKKBcSZESrCc=
1,-14,abCUZy4dZoSKykuPkd7d93ZKoJQ=,9guEfgRZMQVKSae7P6MxQzPKlTY=
1,-6,abCUZy4dZoSKykuPkd7d93ZKoJQ=,mheinyiS53xh2XJdKKBcSZESrCc=
5,-7,abCUZy4dZoSKykuPkd7d93ZKoJQ=,mheinyiS53xh2XJdKKBcSZESrCc=
0,-6,abCUZy4dZoSKykuPkd7d93ZKoJQ=,mheinyiS53xh2XJdKKBcSZESrCc=
0,-5,abCUZy4dZoSKykuPkd7d93ZKoJQ=,mheinyiS53xh2XJdKKBcSZESrCc=
3,-6,abCUZy4dZoSKykuPkd7d93ZKoJQ=,mheinyiS53xh2XJdKKBcSZESrCc=
2,-6,abCUZy4dZoSKykuPkd7d93ZKoJQ=,mheinyiS53xh2XJdKKBcSZESrCc=
0,-4,abCUZy4dZoSKykuPkd7d93ZKoJQ=,mheinyiS53xh2XJdKKBcSZESrCc=
3,-14,abCUZy4dZoSKykuPkd7d93ZKoJQ=,9guEfgRZMQVKSae7P6MxQzPKlTY=
3,-7,abCUZy4dZoSKykuPkd7d93ZKoJQ=,mheinyiS53xh2XJdKKBcSZESrCc=
2,-14,abCUZy4dZoSKykuPkd7d93ZKoJQ=,9guEfgRZMQVKSae7P6MxQzPKlTY=
1,-7,abCUZy4dZoSKykuPkd7d93ZKoJQ=,mheinyiS53xh2XJdKKBcSZESrCc=
4,-4,abCUZy4dZoSKykuPkd7d93ZKoJQ=,mheinyiS53xh2XJdKKBcSZESrCc=
4,-7,abCUZy4dZoSKykuPkd7d93ZKoJQ=,mheinyiS53xh2XJdKKBcSZESrCc=
2,-4,abCUZy4dZoSKykuPkd7d93ZKoJQ=,mheinyiS53xh2XJdKKBcSZESrCc=
2,-7,abCUZy4dZoSKykuPkd7d93ZKoJQ=,mheinyiS53xh2XJdKKBcSZESrCc=
6,-4,abCUZy4dZoSKykuPkd7d93ZKoJQ=,mheinyiS53xh2XJdKKBcSZESrCc=
0,-3,abCUZy4dZoSKykuPkd7d93ZKoJQ=,mheinyiS53xh2XJdKKBcSZESrCc=
5,-4,abCUZy4dZoSKykuPkd7d93ZKoJQ=,mheinyiS53xh2XJdKKBcSZESrCc=
0,-9,abCUZy4dZoSKykuPkd7d93ZKoJQ=,9guEfgRZMQVKSae7P6MxQzPKlTY=
1,-4,abCUZy4dZoSKykuPkd7d93ZKoJQ=,mheinyiS53xh2XJdKKBcSZESrCc=
3,-4,abCUZy4dZoSKykuPkd7d93ZKoJQ=,mheinyiS53xh2XJdKKBcSZESrCc=
2,-3,abCUZy4dZoSKykuPkd7d93ZKoJQ=,mheinyiS53xh2XJdKKBcSZESrCc=
3,-3,abCUZy4dZoSKykuPkd7d93ZKoJQ=,mheinyiS53xh2XJdKKBcSZESrCc=
1,-3,abCUZy4dZoSKykuPkd7d93ZKoJQ=,mheinyiS53xh2XJdKKBcSZESrCc=
4,-3,abCUZy4dZoSKykuPkd7d93ZKoJQ=,mheinyiS53xh2XJdKKBcSZESrCc=
5,-3,abCUZy4dZoSKykuPkd7d93ZKoJQ=,mheinyiS53xh2XJdKKBcSZESrCc=
6,-3,abCUZy4dZoSKykuPkd7d93ZKoJQ=,mheinyiS53xh2XJdKKBcSZESrCc=
5,-2,abCUZy4dZoSKykuPkd7d93ZKoJQ=,mheinyiS53xh2XJdKKBcSZESrCc=
4,-2,abCUZy4dZoSKykuPkd7d93ZKoJQ=,mheinyiS53xh2XJdKKBcSZESrCc=
1,-9,abCUZy4dZoSKykuPkd7d93ZKoJQ=,9guEfgRZMQVKSae7P6MxQzPKlTY=
1,-2,abCUZy4dZoSKykuPkd7d93ZKoJQ=,mheinyiS53xh2XJdKKBcSZESrCc=
6,-2,abCUZy4dZoSKykuPkd7d93ZKoJQ=,mheinyiS53xh2XJdKKBcSZESrCc=
3,-2,abCUZy4dZoSKykuPkd7d93ZKoJQ=,mheinyiS53xh2XJdKKBcSZESrCc=
7,-2,abCUZy4dZoSKykuPkd7d93ZKoJQ=,mheinyiS53xh2XJdKKBcSZESrCc=
2,-2,abCUZy4dZoSKykuPkd7d93ZKoJQ=,mheinyiS53xh2XJdKKBcSZESrCc=
1,-1,abCUZy4dZoSKykuPkd7d93ZKoJQ=,mheinyiS53xh2XJdKKBcSZESrCc=
0,-2,abCUZy4dZoSKykuPkd7d93ZKoJQ=,mheinyiS53xh2XJdKKBcSZESrCc=
6,-1,abCUZy4dZoSKykuPkd7d93ZKoJQ=,mheinyiS53xh2XJdKKBcSZESrCc=
2,-9,abCUZy4dZoSKykuPkd7d93ZKoJQ=,9guEfgRZMQVKSae7P6MxQzPKlTY=
3,-1,abCUZy4dZoSKykuPkd7d93ZKoJQ=,mheinyiS53xh2XJdKKBcSZESrCc=
5,-11,abCUZy4dZoSKykuPkd7d93ZKoJQ=,9guEfgRZMQVKSae7P6MxQzPKlTY=
0,-1,abCUZy4dZoSKykuPkd7d93ZKoJQ=,mheinyiS53xh2XJdKKBcSZESrCc=
4,-1,abCUZy4dZoSKykuPkd7d93ZKoJQ=,mheinyiS53xh2XJdKKBcSZESrCc=
5,-1,abCUZy4dZoSKykuPkd7d93ZKoJQ=,mheinyiS53xh2XJdKKBcSZESrCc=
6,-9,abCUZy4dZoSKykuPkd7d93ZKoJQ=,9guEfgRZMQVKSae7P6MxQzPKlTY=
6,-10,abCUZy4dZoSKykuPkd7d93ZKoJQ=,9guEfgRZMQVKSae7P6MxQzPKlTY=
5,-10,abCUZy4dZoSKykuPkd7d93ZKoJQ=,9guEfgRZMQVKSae7P6MxQzPKlTY=
4,-9,abCUZy4dZoSKykuPkd7d93ZKoJQ=,9guEfgRZMQVKSae7P6MxQzPKlTY=
3,-9,abCUZy4dZoSKykuPkd7d93ZKoJQ=,9guEfgRZMQVKSae7P6MxQzPKlTY=
5,-9,abCUZy4dZoSKykuPkd7d93ZKoJQ=,9guEfgRZMQVKSae7P6MxQzPKlTY=
2,-1,abCUZy4dZoSKykuPkd7d93ZKoJQ=,mheinyiS53xh2XJdKKBcSZESrCc=
0,-12,abCUZy4dZoSKykuPkd7d93ZKoJQ=,9guEfgRZMQVKSae7P6MxQzPKlTY=
4,-11,abCUZy4dZoSKykuPkd7d93ZKoJQ=,9guEfgRZMQVKSae7P6MxQzPKlTY=
2,-12,abCUZy4dZoSKykuPkd7d93ZKoJQ=,9guEfgRZMQVKSae7P6MxQzPKlTY=
0,-11,abCUZy4dZoSKykuPkd7d93ZKoJQ=,9guEfgRZMQVKSae7P6MxQzPKlTY=
1,-10,abCUZy4dZoSKykuPkd7d93ZKoJQ=,9guEfgRZMQVKSae7P6MxQzPKlTY=
3,-11,abCUZy4dZoSKykuPkd7d93ZKoJQ=,9guEfgRZMQVKSae7P6MxQzPKlTY=
2,-11,abCUZy4dZoSKykuPkd7d93ZKoJQ=,9guEfgRZMQVKSae7P6MxQzPKlTY=
1,-12,abCUZy4dZoSKykuPkd7d93ZKoJQ=,9guEfgRZMQVKSae7P6MxQzPKlTY=
3,-10,abCUZy4dZoSKykuPkd7d93ZKoJQ=,9guEfgRZMQVKSae7P6MxQzPKlTY=
7,-8,abCUZy4dZoSKykuPkd7d93ZKoJQ=,mheinyiS53xh2XJdKKBcSZESrCc=
6,-8,abCUZy4dZoSKykuPkd7d93ZKoJQ=,mheinyiS53xh2XJdKKBcSZESrCc=
0,-7,abCUZy4dZoSKykuPkd7d93ZKoJQ=,mheinyiS53xh2XJdKKBcSZESrCc=
4,-10,abCUZy4dZoSKykuPkd7d93ZKoJQ=,9guEfgRZMQVKSae7P6MxQzPKlTY=
8,-1,abCUZy4dZoSKykuPkd7d93ZKoJQ=,5zlWl+dQ6Ygel7BjmD8xsYtTQJM=
8,-7,abCUZy4dZoSKykuPkd7d93ZKoJQ=,5zlWl+dQ6Ygel7BjmD8xsYtTQJM=
8,-8,abCUZy4dZoSKykuPkd7d93ZKoJQ=,5zlWl+dQ6Ygel7BjmD8xsYtTQJM=
5,-8,abCUZy4dZoSKykuPkd7d93ZKoJQ=,mheinyiS53xh2XJdKKBcSZESrCc=
2,-10,abCUZy4dZoSKykuPkd7d93ZKoJQ=,9guEfgRZMQVKSae7P6MxQzPKlTY=
0,-10,abCUZy4dZoSKykuPkd7d93ZKoJQ=,9guEfgRZMQVKSae7P6MxQzPKlTY=
1,-11,abCUZy4dZoSKykuPkd7d93ZKoJQ=,9guEfgRZMQVKSae7P6MxQzPKlTY=
7,-1,abCUZy4dZoSKykuPkd7d93ZKoJQ=,mheinyiS53xh2XJdKKBcSZESrCc=
0,-8,abCUZy4dZoSKykuPkd7d93ZKoJQ=,mheinyiS53xh2XJdKKBcSZESrCc=
4,-8,abCUZy4dZoSKykuPkd7d93ZKoJQ=,mheinyiS53xh2XJdKKBcSZESrCc=
3,-8,abCUZy4dZoSKykuPkd7d93ZKoJQ=,mheinyiS53xh2XJdKKBcSZESrCc=
1,-8,abCUZy4dZoSKykuPkd7d93ZKoJQ=,mheinyiS53xh2XJdKKBcSZESrCc=
8,-2,abCUZy4dZoSKykuPkd7d93ZKoJQ=,5zlWl+dQ6Ygel7BjmD8xsYtTQJM=
2,-8,abCUZy4dZoSKykuPkd7d93ZKoJQ=,mheinyiS53xh2XJdKKBcSZESrCc=
